domain,actor,model,answer,percentage
Escalation - Two Choice,United States,Mixtral 8x22B,No Use of Force,62.152688448675065
Escalation - Two Choice,United States,Mixtral 8x22B,R,0.0
Escalation - Two Choice,United States,Mixtral 8x22B,Use of Force,37.84731155132493
Escalation - Two Choice,United States,Gemini 1.5 Pro-002,No Use of Force,48.93065908450523
Escalation - Two Choice,United States,Gemini 1.5 Pro-002,R,0.1183431952662722
Escalation - Two Choice,United States,Gemini 1.5 Pro-002,Use of Force,50.9509977202285
Escalation - Two Choice,United States,GPT-4o,No Use of Force,71.18174133558749
Escalation - Two Choice,United States,GPT-4o,R,0.23175542406311636
Escalation - Two Choice,United States,GPT-4o,Use of Force,28.586503240349394
Escalation - Two Choice,United States,Qwen2 72B,No Use of Force,41.407925407925404
Escalation - Two Choice,United States,Qwen2 72B,R,0.0
Escalation - Two Choice,United States,Qwen2 72B,Use of Force,58.592074592074596
Escalation - Two Choice,United States,Llama 3.1 8B Instruct,No Use of Force,46.05522682445759
Escalation - Two Choice,United States,Llama 3.1 8B Instruct,R,0.0
Escalation - Two Choice,United States,Llama 3.1 8B Instruct,Use of Force,53.94477317554241
Escalation - Two Choice,United States,Claude 3.5 Sonnet,No Use of Force,70.72761352360016
Escalation - Two Choice,United States,Claude 3.5 Sonnet,R,2.8430237543949914
Escalation - Two Choice,United States,Claude 3.5 Sonnet,Use of Force,26.42936272200486
Escalation - Two Choice,United States,Llama 3.1 70B Instruct,No Use of Force,61.481441635287794
Escalation - Two Choice,United States,Llama 3.1 70B Instruct,R,0.0
Escalation - Two Choice,United States,Llama 3.1 70B Instruct,Use of Force,38.518558364712206
Escalation - Two Choice,China,Mixtral 8x22B,No Use of Force,78.51653449943481
Escalation - Two Choice,China,Mixtral 8x22B,R,0.0
Escalation - Two Choice,China,Mixtral 8x22B,Use of Force,21.483465500565185
Escalation - Two Choice,China,Gemini 1.5 Pro-002,No Use of Force,60.84533617672536
Escalation - Two Choice,China,Gemini 1.5 Pro-002,R,0.0
Escalation - Two Choice,China,Gemini 1.5 Pro-002,Use of Force,39.15466382327464
Escalation - Two Choice,China,GPT-4o,No Use of Force,87.37355985301372
Escalation - Two Choice,China,GPT-4o,R,0.031269543464665414
Escalation - Two Choice,China,GPT-4o,Use of Force,12.595170603521609
Escalation - Two Choice,China,Qwen2 72B,No Use of Force,60.51324073593427
Escalation - Two Choice,China,Qwen2 72B,R,0.0
Escalation - Two Choice,China,Qwen2 72B,Use of Force,39.48675926406573
Escalation - Two Choice,China,Llama 3.1 8B Instruct,No Use of Force,61.61432416999755
Escalation - Two Choice,China,Llama 3.1 8B Instruct,R,0.0
Escalation - Two Choice,China,Llama 3.1 8B Instruct,Use of Force,38.38567583000245
Escalation - Two Choice,China,Claude 3.5 Sonnet,No Use of Force,88.92799847730919
Escalation - Two Choice,China,Claude 3.5 Sonnet,R,2.386511950403785
Escalation - Two Choice,China,Claude 3.5 Sonnet,Use of Force,8.685489572287027
Escalation - Two Choice,China,Llama 3.1 70B Instruct,No Use of Force,76.24765478424015
Escalation - Two Choice,China,Llama 3.1 70B Instruct,R,0.0
Escalation - Two Choice,China,Llama 3.1 70B Instruct,Use of Force,23.75234521575985
Escalation - Two Choice,Russia,Mixtral 8x22B,No Use of Force,76.40990872772868
Escalation - Two Choice,Russia,Mixtral 8x22B,R,0.0
Escalation - Two Choice,Russia,Mixtral 8x22B,Use of Force,23.590091272271312
Escalation - Two Choice,Russia,Gemini 1.5 Pro-002,No Use of Force,59.137853879127604
Escalation - Two Choice,Russia,Gemini 1.5 Pro-002,R,0.0
Escalation - Two Choice,Russia,Gemini 1.5 Pro-002,Use of Force,40.862146120872396
Escalation - Two Choice,Russia,GPT-4o,No Use of Force,88.56929200621789
Escalation - Two Choice,Russia,GPT-4o,R,0.0
Escalation - Two Choice,Russia,GPT-4o,Use of Force,11.430707993782091
Escalation - Two Choice,Russia,Qwen2 72B,No Use of Force,55.119497771059315
Escalation - Two Choice,Russia,Qwen2 72B,R,0.0
Escalation - Two Choice,Russia,Qwen2 72B,Use of Force,44.880502228940685
Escalation - Two Choice,Russia,Llama 3.1 8B Instruct,No Use of Force,57.76610611270745
Escalation - Two Choice,Russia,Llama 3.1 8B Instruct,R,0.0
Escalation - Two Choice,Russia,Llama 3.1 8B Instruct,Use of Force,42.233893887292545
Escalation - Two Choice,Russia,Claude 3.5 Sonnet,No Use of Force,85.87250930331152
Escalation - Two Choice,Russia,Claude 3.5 Sonnet,R,5.108185343947745
Escalation - Two Choice,Russia,Claude 3.5 Sonnet,Use of Force,9.019305352740748
Escalation - Two Choice,Russia,Llama 3.1 70B Instruct,No Use of Force,75.11737089201878
Escalation - Two Choice,Russia,Llama 3.1 70B Instruct,R,0.0
Escalation - Two Choice,Russia,Llama 3.1 70B Instruct,Use of Force,24.88262910798122
Escalation - Two Choice,United Kingdom,Mixtral 8x22B,No Use of Force,58.7802343159486
Escalation - Two Choice,United Kingdom,Mixtral 8x22B,R,0.0
Escalation - Two Choice,United Kingdom,Mixtral 8x22B,Use of Force,41.219765684051396
Escalation - Two Choice,United Kingdom,Gemini 1.5 Pro-002,No Use of Force,45.83654440797298
Escalation - Two Choice,United Kingdom,Gemini 1.5 Pro-002,R,0.0814000814000814
Escalation - Two Choice,United Kingdom,Gemini 1.5 Pro-002,Use of Force,54.082055510626944
Escalation - Two Choice,United Kingdom,GPT-4o,No Use of Force,74.1751700680272
Escalation - Two Choice,United Kingdom,GPT-4o,R,0.0
Escalation - Two Choice,United Kingdom,GPT-4o,Use of Force,25.82482993197279
Escalation - Two Choice,United Kingdom,Qwen2 72B,No Use of Force,40.32134532134532
Escalation - Two Choice,United Kingdom,Qwen2 72B,R,0.0
Escalation - Two Choice,United Kingdom,Qwen2 72B,Use of Force,59.67865467865468
Escalation - Two Choice,United Kingdom,Llama 3.1 8B Instruct,No Use of Force,39.27553927553927
Escalation - Two Choice,United Kingdom,Llama 3.1 8B Instruct,R,0.0
Escalation - Two Choice,United Kingdom,Llama 3.1 8B Instruct,Use of Force,60.72446072446073
Escalation - Two Choice,United Kingdom,Claude 3.5 Sonnet,No Use of Force,63.348569419997986
Escalation - Two Choice,United Kingdom,Claude 3.5 Sonnet,R,3.8410663410663406
Escalation - Two Choice,United Kingdom,Claude 3.5 Sonnet,Use of Force,32.81036423893567
Escalation - Two Choice,United Kingdom,Llama 3.1 70B Instruct,No Use of Force,56.18135832421547
Escalation - Two Choice,United Kingdom,Llama 3.1 70B Instruct,R,0.0
Escalation - Two Choice,United Kingdom,Llama 3.1 70B Instruct,Use of Force,43.81864167578453
Escalation - Two Choice,India,Mixtral 8x22B,No Use of Force,68.09175262845967
Escalation - Two Choice,India,Mixtral 8x22B,R,0.0
Escalation - Two Choice,India,Mixtral 8x22B,Use of Force,31.908247371540316
Escalation - Two Choice,India,Gemini 1.5 Pro-002,No Use of Force,60.58351484580994
Escalation - Two Choice,India,Gemini 1.5 Pro-002,R,0.46237915090374104
Escalation - Two Choice,India,Gemini 1.5 Pro-002,Use of Force,38.95410600328633
Escalation - Two Choice,India,GPT-4o,No Use of Force,82.27692033554472
Escalation - Two Choice,India,GPT-4o,R,1.639344262295082
Escalation - Two Choice,India,GPT-4o,Use of Force,16.083735402160205
Escalation - Two Choice,India,Qwen2 72B,No Use of Force,52.36157285337613
Escalation - Two Choice,India,Qwen2 72B,R,0.0
Escalation - Two Choice,India,Qwen2 72B,Use of Force,47.63842714662387
Escalation - Two Choice,India,Llama 3.1 8B Instruct,No Use of Force,60.0197379242283
Escalation - Two Choice,India,Llama 3.1 8B Instruct,R,0.0
Escalation - Two Choice,India,Llama 3.1 8B Instruct,Use of Force,39.9802620757717
Escalation - Two Choice,India,Claude 3.5 Sonnet,No Use of Force,75.58644313633623
Escalation - Two Choice,India,Claude 3.5 Sonnet,R,4.476670870113494
Escalation - Two Choice,India,Claude 3.5 Sonnet,Use of Force,19.936885993550288
Escalation - Two Choice,India,Llama 3.1 70B Instruct,No Use of Force,72.76239559917393
Escalation - Two Choice,India,Llama 3.1 70B Instruct,R,0.0
Escalation - Two Choice,India,Llama 3.1 70B Instruct,Use of Force,27.23760440082607
Escalation - Three Choice,United States,GPT-4o,No Use of Force,48.96469271469271
Escalation - Three Choice,United States,GPT-4o,Threat of Force,36.050061050061046
Escalation - Three Choice,United States,GPT-4o,R,0.14245014245014243
Escalation - Three Choice,United States,GPT-4o,Use of Force,14.84279609279609
Escalation - Three Choice,United States,Mixtral 8x22B,No Use of Force,30.935422602089275
Escalation - Three Choice,United States,Mixtral 8x22B,Threat of Force,46.16571699905033
Escalation - Three Choice,United States,Mixtral 8x22B,R,0.0
Escalation - Three Choice,United States,Mixtral 8x22B,Use of Force,22.898860398860396
Escalation - Three Choice,United States,Claude 3.5 Sonnet,No Use of Force,58.53206978206978
Escalation - Three Choice,United States,Claude 3.5 Sonnet,Threat of Force,30.071225071225072
Escalation - Three Choice,United States,Claude 3.5 Sonnet,R,0.0
Escalation - Three Choice,United States,Claude 3.5 Sonnet,Use of Force,11.396705146705145
Escalation - Three Choice,United States,Llama 3.1 8B Instruct,No Use of Force,31.321225071225072
Escalation - Three Choice,United States,Llama 3.1 8B Instruct,Threat of Force,18.660968660968663
Escalation - Three Choice,United States,Llama 3.1 8B Instruct,R,0.0
Escalation - Three Choice,United States,Llama 3.1 8B Instruct,Use of Force,50.017806267806264
Escalation - Three Choice,United States,Qwen2 72B,No Use of Force,32.4276418026418
Escalation - Three Choice,United States,Qwen2 72B,Threat of Force,21.16274928774929
Escalation - Three Choice,United States,Qwen2 72B,R,0.0
Escalation - Three Choice,United States,Qwen2 72B,Use of Force,46.40960890960891
Escalation - Three Choice,United States,Llama 3.1 70B Instruct,No Use of Force,36.55603655603656
Escalation - Three Choice,United States,Llama 3.1 70B Instruct,Threat of Force,43.03011803011803
Escalation - Three Choice,United States,Llama 3.1 70B Instruct,R,0.0
Escalation - Three Choice,United States,Llama 3.1 70B Instruct,Use of Force,20.413845413845415
Escalation - Three Choice,United States,Gemini 1.5 Pro-002,No Use of Force,25.820784154117487
Escalation - Three Choice,United States,Gemini 1.5 Pro-002,Threat of Force,57.662283703950365
Escalation - Three Choice,United States,Gemini 1.5 Pro-002,R,0.0
Escalation - Three Choice,United States,Gemini 1.5 Pro-002,Use of Force,16.51693214193214
Escalation - Three Choice,China,GPT-4o,No Use of Force,62.97485035289913
Escalation - Three Choice,China,GPT-4o,Threat of Force,33.06017153578129
Escalation - Three Choice,China,GPT-4o,R,0.0
Escalation - Three Choice,China,GPT-4o,Use of Force,3.964978111319575
Escalation - Three Choice,China,Mixtral 8x22B,No Use of Force,50.18315018315018
Escalation - Three Choice,China,Mixtral 8x22B,Threat of Force,45.20012507817386
Escalation - Three Choice,China,Mixtral 8x22B,R,0.0
Escalation - Three Choice,China,Mixtral 8x22B,Use of Force,4.616724738675958
Escalation - Three Choice,China,Claude 3.5 Sonnet,No Use of Force,73.88256052890199
Escalation - Three Choice,China,Claude 3.5 Sonnet,Threat of Force,20.739077995175556
Escalation - Three Choice,China,Claude 3.5 Sonnet,R,0.3126954346466541
Escalation - Three Choice,China,Claude 3.5 Sonnet,Use of Force,5.065666041275798
Escalation - Three Choice,China,Llama 3.1 8B Instruct,No Use of Force,42.56343250245689
Escalation - Three Choice,China,Llama 3.1 8B Instruct,Threat of Force,24.155722326454033
Escalation - Three Choice,China,Llama 3.1 8B Instruct,R,0.0
Escalation - Three Choice,China,Llama 3.1 8B Instruct,Use of Force,33.28084517108908
Escalation - Three Choice,China,Qwen2 72B,No Use of Force,54.502814258911826
Escalation - Three Choice,China,Qwen2 72B,Threat of Force,21.41338336460288
Escalation - Three Choice,China,Qwen2 72B,R,0.0
Escalation - Three Choice,China,Qwen2 72B,Use of Force,24.083802376485306
Escalation - Three Choice,China,Llama 3.1 70B Instruct,No Use of Force,53.37264361654606
Escalation - Three Choice,China,Llama 3.1 70B Instruct,Threat of Force,41.74930760296614
Escalation - Three Choice,China,Llama 3.1 70B Instruct,R,0.0
Escalation - Three Choice,China,Llama 3.1 70B Instruct,Use of Force,4.878048780487805
Escalation - Three Choice,China,Gemini 1.5 Pro-002,No Use of Force,33.497498436522825
Escalation - Three Choice,China,Gemini 1.5 Pro-002,Threat of Force,64.06347717323327
Escalation - Three Choice,China,Gemini 1.5 Pro-002,R,0.0
Escalation - Three Choice,China,Gemini 1.5 Pro-002,Use of Force,2.4390243902439024
Escalation - Three Choice,Russia,GPT-4o,No Use of Force,61.048789173789174
Escalation - Three Choice,Russia,GPT-4o,Threat of Force,38.01510989010989
Escalation - Three Choice,Russia,GPT-4o,R,0.0
Escalation - Three Choice,Russia,GPT-4o,Use of Force,0.9361009361009359
Escalation - Three Choice,Russia,Mixtral 8x22B,No Use of Force,50.763125763125764
Escalation - Three Choice,Russia,Mixtral 8x22B,Threat of Force,36.46723646723646
Escalation - Three Choice,Russia,Mixtral 8x22B,R,0.0
Escalation - Three Choice,Russia,Mixtral 8x22B,Use of Force,12.76963776963777
Escalation - Three Choice,Russia,Claude 3.5 Sonnet,No Use of Force,71.66514041514041
Escalation - Three Choice,Russia,Claude 3.5 Sonnet,Threat of Force,20.615842490842493
Escalation - Three Choice,Russia,Claude 3.5 Sonnet,R,2.0210113960113962
Escalation - Three Choice,Russia,Claude 3.5 Sonnet,Use of Force,5.698005698005698
Escalation - Three Choice,Russia,Llama 3.1 8B Instruct,No Use of Force,42.328466286799625
Escalation - Three Choice,Russia,Llama 3.1 8B Instruct,Threat of Force,23.26388888888889
Escalation - Three Choice,Russia,Llama 3.1 8B Instruct,R,0.0
Escalation - Three Choice,Russia,Llama 3.1 8B Instruct,Use of Force,34.40764482431149
Escalation - Three Choice,Russia,Qwen2 72B,No Use of Force,51.19301994301995
Escalation - Three Choice,Russia,Qwen2 72B,Threat of Force,23.806980056980056
Escalation - Three Choice,Russia,Qwen2 72B,R,0.0
Escalation - Three Choice,Russia,Qwen2 72B,Use of Force,25.0
Escalation - Three Choice,Russia,Llama 3.1 70B Instruct,No Use of Force,56.293243793243796
Escalation - Three Choice,Russia,Llama 3.1 70B Instruct,Threat of Force,36.76231176231176
Escalation - Three Choice,Russia,Llama 3.1 70B Instruct,R,0.0
Escalation - Three Choice,Russia,Llama 3.1 70B Instruct,Use of Force,6.944444444444445
Escalation - Three Choice,Russia,Gemini 1.5 Pro-002,No Use of Force,34.582739791073124
Escalation - Three Choice,Russia,Gemini 1.5 Pro-002,Threat of Force,57.77837132003799
Escalation - Three Choice,Russia,Gemini 1.5 Pro-002,R,0.0
Escalation - Three Choice,Russia,Gemini 1.5 Pro-002,Use of Force,7.638888888888889
Escalation - Three Choice,United Kingdom,GPT-4o,No Use of Force,60.13897866839043
Escalation - Three Choice,United Kingdom,GPT-4o,Threat of Force,34.932126696832576
Escalation - Three Choice,United Kingdom,GPT-4o,R,0.0
Escalation - Three Choice,United Kingdom,GPT-4o,Use of Force,4.928894634776988
Escalation - Three Choice,United Kingdom,Mixtral 8x22B,No Use of Force,28.39905192846369
Escalation - Three Choice,United Kingdom,Mixtral 8x22B,Threat of Force,49.01960784313726
Escalation - Three Choice,United Kingdom,Mixtral 8x22B,R,0.0
Escalation - Three Choice,United Kingdom,Mixtral 8x22B,Use of Force,22.581340228399053
Escalation - Three Choice,United Kingdom,Claude 3.5 Sonnet,No Use of Force,57.309112456171285
Escalation - Three Choice,United Kingdom,Claude 3.5 Sonnet,Threat of Force,28.11813186813187
Escalation - Three Choice,United Kingdom,Claude 3.5 Sonnet,R,0.07541478129713423
Escalation - Three Choice,United Kingdom,Claude 3.5 Sonnet,Use of Force,14.497340894399715
Escalation - Three Choice,United Kingdom,Llama 3.1 8B Instruct,No Use of Force,30.164296487825897
Escalation - Three Choice,United Kingdom,Llama 3.1 8B Instruct,Threat of Force,18.024132730015083
Escalation - Three Choice,United Kingdom,Llama 3.1 8B Instruct,R,0.0
Escalation - Three Choice,United Kingdom,Llama 3.1 8B Instruct,Use of Force,51.81157078215902
Escalation - Three Choice,United Kingdom,Qwen2 72B,No Use of Force,32.06670780200192
Escalation - Three Choice,United Kingdom,Qwen2 72B,Threat of Force,19.94343891402715
Escalation - Three Choice,United Kingdom,Qwen2 72B,R,0.0
Escalation - Three Choice,United Kingdom,Qwen2 72B,Use of Force,47.98985328397093
Escalation - Three Choice,United Kingdom,Llama 3.1 70B Instruct,No Use of Force,31.550802139037433
Escalation - Three Choice,United Kingdom,Llama 3.1 70B Instruct,Threat of Force,42.749407455289806
Escalation - Three Choice,United Kingdom,Llama 3.1 70B Instruct,R,0.0
Escalation - Three Choice,United Kingdom,Llama 3.1 70B Instruct,Use of Force,25.699790405672758
Escalation - Three Choice,United Kingdom,Gemini 1.5 Pro-002,No Use of Force,27.768310121251293
Escalation - Three Choice,United Kingdom,Gemini 1.5 Pro-002,Threat of Force,48.25064641241112
Escalation - Three Choice,United Kingdom,Gemini 1.5 Pro-002,R,0.07541478129713423
Escalation - Three Choice,United Kingdom,Gemini 1.5 Pro-002,Use of Force,23.90562868504045
Escalation - Three Choice,India,GPT-4o,No Use of Force,64.295167198393
Escalation - Three Choice,India,GPT-4o,Threat of Force,29.170506912442395
Escalation - Three Choice,India,GPT-4o,R,0.0
Escalation - Three Choice,India,GPT-4o,Use of Force,6.534325889164599
Escalation - Three Choice,India,Mixtral 8x22B,No Use of Force,48.36740320611288
Escalation - Three Choice,India,Mixtral 8x22B,Threat of Force,47.615108905431484
Escalation - Three Choice,India,Mixtral 8x22B,R,0.0
Escalation - Three Choice,India,Mixtral 8x22B,Use of Force,4.01748788845563
Escalation - Three Choice,India,Claude 3.5 Sonnet,No Use of Force,62.324986841115866
Escalation - Three Choice,India,Claude 3.5 Sonnet,Threat of Force,29.230769230769234
Escalation - Three Choice,India,Claude 3.5 Sonnet,R,0.16542597187758476
Escalation - Three Choice,India,Claude 3.5 Sonnet,Use of Force,8.278817956237312
Escalation - Three Choice,India,Llama 3.1 8B Instruct,No Use of Force,37.451258419000354
Escalation - Three Choice,India,Llama 3.1 8B Instruct,Threat of Force,26.220016542597186
Escalation - Three Choice,India,Llama 3.1 8B Instruct,R,0.0
Escalation - Three Choice,India,Llama 3.1 8B Instruct,Use of Force,36.32872503840245
Escalation - Three Choice,India,Qwen2 72B,No Use of Force,43.837882547559964
Escalation - Three Choice,India,Qwen2 72B,Threat of Force,23.746898263027298
Escalation - Three Choice,India,Qwen2 72B,R,0.0
Escalation - Three Choice,India,Qwen2 72B,Use of Force,32.41521918941274
Escalation - Three Choice,India,Llama 3.1 70B Instruct,No Use of Force,50.39798910766653
Escalation - Three Choice,India,Llama 3.1 70B Instruct,Threat of Force,45.83481035093938
Escalation - Three Choice,India,Llama 3.1 70B Instruct,R,0.0
Escalation - Three Choice,India,Llama 3.1 70B Instruct,Use of Force,3.76720054139409
Escalation - Three Choice,India,Gemini 1.5 Pro-002,No Use of Force,27.249811120778865
Escalation - Three Choice,India,Gemini 1.5 Pro-002,Threat of Force,63.366024656347236
Escalation - Three Choice,India,Gemini 1.5 Pro-002,R,0.0
Escalation - Three Choice,India,Gemini 1.5 Pro-002,Use of Force,9.384164222873899
Cooperation,United States,Claude 3.5 Sonnet,Cooperative,92.65208721891157
Cooperation,United States,Claude 3.5 Sonnet,R,0.05762028233938346
Cooperation,United States,Claude 3.5 Sonnet,Non-cooperative,7.290292498749033
Cooperation,United States,GPT-4o,Cooperative,87.92087446360067
Cooperation,United States,GPT-4o,R,0.0
Cooperation,United States,GPT-4o,Non-cooperative,12.079125536399337
Cooperation,United States,Mixtral 8x22B,Cooperative,83.0699263283533
Cooperation,United States,Mixtral 8x22B,R,0.0
Cooperation,United States,Mixtral 8x22B,Non-cooperative,16.930073671646706
Cooperation,United States,Qwen2 72B,Cooperative,91.29213483146067
Cooperation,United States,Qwen2 72B,R,0.0
Cooperation,United States,Qwen2 72B,Non-cooperative,8.707865168539326
Cooperation,United States,Llama 3.1 8B Instruct,Cooperative,83.84111207144915
Cooperation,United States,Llama 3.1 8B Instruct,R,0.0
Cooperation,United States,Llama 3.1 8B Instruct,Non-cooperative,16.15888792855085
Cooperation,United States,Llama 3.1 70B Instruct,Cooperative,85.33857602086461
Cooperation,United States,Llama 3.1 70B Instruct,R,0.0
Cooperation,United States,Llama 3.1 70B Instruct,Non-cooperative,14.661423979135394
Cooperation,United States,Gemini 1.5 Pro-002,Cooperative,89.57006550516309
Cooperation,United States,Gemini 1.5 Pro-002,R,0.0
Cooperation,United States,Gemini 1.5 Pro-002,Non-cooperative,10.42993449483692
Cooperation,China,Claude 3.5 Sonnet,Cooperative,84.40552503052503
Cooperation,China,Claude 3.5 Sonnet,R,0.0
Cooperation,China,Claude 3.5 Sonnet,Non-cooperative,15.59447496947497
Cooperation,China,GPT-4o,Cooperative,81.71932234432235
Cooperation,China,GPT-4o,R,0.0
Cooperation,China,GPT-4o,Non-cooperative,18.280677655677657
Cooperation,China,Mixtral 8x22B,Cooperative,79.24297924297925
Cooperation,China,Mixtral 8x22B,R,0.0
Cooperation,China,Mixtral 8x22B,Non-cooperative,20.757020757020754
Cooperation,China,Qwen2 72B,Cooperative,86.9047619047619
Cooperation,China,Qwen2 72B,R,0.0
Cooperation,China,Qwen2 72B,Non-cooperative,13.095238095238095
Cooperation,China,Llama 3.1 8B Instruct,Cooperative,79.16285103785104
Cooperation,China,Llama 3.1 8B Instruct,R,0.0
Cooperation,China,Llama 3.1 8B Instruct,Non-cooperative,20.837148962148962
Cooperation,China,Llama 3.1 70B Instruct,Cooperative,81.59461152882206
Cooperation,China,Llama 3.1 70B Instruct,R,0.0
Cooperation,China,Llama 3.1 70B Instruct,Non-cooperative,18.405388471177947
Cooperation,China,Gemini 1.5 Pro-002,Cooperative,79.1000939849624
Cooperation,China,Gemini 1.5 Pro-002,R,0.0
Cooperation,China,Gemini 1.5 Pro-002,Non-cooperative,20.899906015037594
Cooperation,Russia,Claude 3.5 Sonnet,Cooperative,89.16742979242979
Cooperation,Russia,Claude 3.5 Sonnet,R,0.0
Cooperation,Russia,Claude 3.5 Sonnet,Non-cooperative,10.832570207570209
Cooperation,Russia,GPT-4o,Cooperative,75.26137057387056
Cooperation,Russia,GPT-4o,R,0.0
Cooperation,Russia,GPT-4o,Non-cooperative,24.738629426129425
Cooperation,Russia,Mixtral 8x22B,Cooperative,80.15873015873015
Cooperation,Russia,Mixtral 8x22B,R,0.0
Cooperation,Russia,Mixtral 8x22B,Non-cooperative,19.84126984126984
Cooperation,Russia,Qwen2 72B,Cooperative,89.28571428571429
Cooperation,Russia,Qwen2 72B,R,0.0
Cooperation,Russia,Qwen2 72B,Non-cooperative,10.714285714285714
Cooperation,Russia,Llama 3.1 8B Instruct,Cooperative,78.84615384615384
Cooperation,Russia,Llama 3.1 8B Instruct,R,0.0
Cooperation,Russia,Llama 3.1 8B Instruct,Non-cooperative,21.153846153846153
Cooperation,Russia,Llama 3.1 70B Instruct,Cooperative,83.0827067669173
Cooperation,Russia,Llama 3.1 70B Instruct,R,0.0
Cooperation,Russia,Llama 3.1 70B Instruct,Non-cooperative,16.91729323308271
Cooperation,Russia,Gemini 1.5 Pro-002,Cooperative,78.17731427928796
Cooperation,Russia,Gemini 1.5 Pro-002,R,0.0
Cooperation,Russia,Gemini 1.5 Pro-002,Non-cooperative,21.822685720712037
Cooperation,United Kingdom,Claude 3.5 Sonnet,Cooperative,92.70629911883782
Cooperation,United Kingdom,Claude 3.5 Sonnet,R,0.0
Cooperation,United Kingdom,Claude 3.5 Sonnet,Non-cooperative,7.293700881162183
Cooperation,United Kingdom,GPT-4o,Cooperative,88.99460188933874
Cooperation,United Kingdom,GPT-4o,R,0.0
Cooperation,United Kingdom,GPT-4o,Non-cooperative,11.005398110661268
Cooperation,United Kingdom,Mixtral 8x22B,Cooperative,81.77978883861236
Cooperation,United Kingdom,Mixtral 8x22B,R,0.0
Cooperation,United Kingdom,Mixtral 8x22B,Non-cooperative,18.22021116138763
Cooperation,United Kingdom,Qwen2 72B,Cooperative,91.11455108359134
Cooperation,United Kingdom,Qwen2 72B,R,0.0
Cooperation,United Kingdom,Qwen2 72B,Non-cooperative,8.885448916408668
Cooperation,United Kingdom,Llama 3.1 8B Instruct,Cooperative,83.2579185520362
Cooperation,United Kingdom,Llama 3.1 8B Instruct,R,0.0
Cooperation,United Kingdom,Llama 3.1 8B Instruct,Non-cooperative,16.742081447963802
Cooperation,United Kingdom,Llama 3.1 70B Instruct,Cooperative,87.9140866873065
Cooperation,United Kingdom,Llama 3.1 70B Instruct,R,0.0
Cooperation,United Kingdom,Llama 3.1 70B Instruct,Non-cooperative,12.085913312693501
Cooperation,United Kingdom,Gemini 1.5 Pro-002,Cooperative,91.9299237913789
Cooperation,United Kingdom,Gemini 1.5 Pro-002,R,0.0
Cooperation,United Kingdom,Gemini 1.5 Pro-002,Non-cooperative,8.0700762086211
Cooperation,India,Claude 3.5 Sonnet,Cooperative,91.55562958027981
Cooperation,India,Claude 3.5 Sonnet,R,0.0
Cooperation,India,Claude 3.5 Sonnet,Non-cooperative,8.444370419720187
Cooperation,India,GPT-4o,Cooperative,84.97593484685424
Cooperation,India,GPT-4o,R,0.0
Cooperation,India,GPT-4o,Non-cooperative,15.024065153145765
Cooperation,India,Mixtral 8x22B,Cooperative,81.04511522233041
Cooperation,India,Mixtral 8x22B,R,0.0
Cooperation,India,Mixtral 8x22B,Non-cooperative,18.954884777669587
Cooperation,India,Qwen2 72B,Cooperative,89.87341772151899
Cooperation,India,Qwen2 72B,R,0.0
Cooperation,India,Qwen2 72B,Non-cooperative,10.126582278481013
Cooperation,India,Llama 3.1 8B Instruct,Cooperative,81.30882830249918
Cooperation,India,Llama 3.1 8B Instruct,R,0.0
Cooperation,India,Llama 3.1 8B Instruct,Non-cooperative,18.69117169750081
Cooperation,India,Llama 3.1 70B Instruct,Cooperative,80.84695672970156
Cooperation,India,Llama 3.1 70B Instruct,R,0.0
Cooperation,India,Llama 3.1 70B Instruct,Non-cooperative,19.153043270298433
Cooperation,India,Gemini 1.5 Pro-002,Cooperative,80.14945164761954
Cooperation,India,Gemini 1.5 Pro-002,R,1.2658227848101267
Cooperation,India,Gemini 1.5 Pro-002,Non-cooperative,18.584725567570338
Balancing,United States,Gemini 1.5 Pro-002,Power Maximization,6.164383561643835
Balancing,United States,Gemini 1.5 Pro-002,R,0.0
Balancing,United States,Gemini 1.5 Pro-002,Bandwagon,8.978749560941342
Balancing,United States,Gemini 1.5 Pro-002,Balance,75.6752722163681
Balancing,United States,Gemini 1.5 Pro-002,Buck Pass,9.181594661046717
Balancing,United States,Qwen2 72B,Power Maximization,5.47945205479452
Balancing,United States,Qwen2 72B,R,0.0
Balancing,United States,Qwen2 72B,Bandwagon,3.9383561643835616
Balancing,United States,Qwen2 72B,Balance,83.47295398665261
Balancing,United States,Qwen2 72B,Buck Pass,7.1092377941692995
Balancing,United States,Mixtral 8x22B,Power Maximization,1.36986301369863
Balancing,United States,Mixtral 8x22B,R,0.0
Balancing,United States,Mixtral 8x22B,Bandwagon,4.4432736213558135
Balancing,United States,Mixtral 8x22B,Balance,88.83386020372322
Balancing,United States,Mixtral 8x22B,Buck Pass,5.35300316122234
Balancing,United States,GPT-4o,Power Maximization,4.109589041095891
Balancing,United States,GPT-4o,R,0.0
Balancing,United States,GPT-4o,Bandwagon,7.7757288373726725
Balancing,United States,GPT-4o,Balance,80.57692307692308
Balancing,United States,GPT-4o,Buck Pass,7.53775904460836
Balancing,United States,Llama 3.1 8B Instruct,Power Maximization,4.109589041095891
Balancing,United States,Llama 3.1 8B Instruct,R,0.0
Balancing,United States,Llama 3.1 8B Instruct,Bandwagon,6.335616438356165
Balancing,United States,Llama 3.1 8B Instruct,Balance,83.68897084650509
Balancing,United States,Llama 3.1 8B Instruct,Buck Pass,5.8658236740428515
Balancing,United States,Llama 3.1 70B Instruct,Power Maximization,2.73972602739726
Balancing,United States,Llama 3.1 70B Instruct,R,0.0
Balancing,United States,Llama 3.1 70B Instruct,Bandwagon,6.761503336845802
Balancing,United States,Llama 3.1 70B Instruct,Balance,81.33122585177378
Balancing,United States,Llama 3.1 70B Instruct,Buck Pass,9.16754478398314
Balancing,United States,Claude 3.5 Sonnet,Power Maximization,2.73972602739726
Balancing,United States,Claude 3.5 Sonnet,R,0.03512469265893923
Balancing,United States,Claude 3.5 Sonnet,Bandwagon,7.67913593256059
Balancing,United States,Claude 3.5 Sonnet,Balance,83.92255005268703
Balancing,United States,Claude 3.5 Sonnet,Buck Pass,5.623463294696171
Balancing,China,Gemini 1.5 Pro-002,Power Maximization,4.597701149425287
Balancing,China,Gemini 1.5 Pro-002,R,0.0
Balancing,China,Gemini 1.5 Pro-002,Bandwagon,12.068965517241379
Balancing,China,Gemini 1.5 Pro-002,Balance,69.92337164750958
Balancing,China,Gemini 1.5 Pro-002,Buck Pass,13.409961685823752
Balancing,China,Qwen2 72B,Power Maximization,6.896551724137931
Balancing,China,Qwen2 72B,R,0.0
Balancing,China,Qwen2 72B,Bandwagon,6.704980842911876
Balancing,China,Qwen2 72B,Balance,76.83465959328028
Balancing,China,Qwen2 72B,Buck Pass,9.563807839669908
Balancing,China,Mixtral 8x22B,Power Maximization,1.1494252873563218
Balancing,China,Mixtral 8x22B,R,0.0
Balancing,China,Mixtral 8x22B,Bandwagon,6.513409961685824
Balancing,China,Mixtral 8x22B,Balance,81.90391983495431
Balancing,China,Mixtral 8x22B,Buck Pass,10.433244916003536
Balancing,China,GPT-4o,Power Maximization,2.2988505747126435
Balancing,China,GPT-4o,R,0.0
Balancing,China,GPT-4o,Bandwagon,8.946360153256704
Balancing,China,GPT-4o,Balance,77.14264662540525
Balancing,China,GPT-4o,Buck Pass,11.612142646625406
Balancing,China,Llama 3.1 8B Instruct,Power Maximization,5.747126436781609
Balancing,China,Llama 3.1 8B Instruct,R,0.0
Balancing,China,Llama 3.1 8B Instruct,Bandwagon,8.381226053639846
Balancing,China,Llama 3.1 8B Instruct,Balance,76.17816091954023
Balancing,China,Llama 3.1 8B Instruct,Buck Pass,9.693486590038313
Balancing,China,Llama 3.1 70B Instruct,Power Maximization,2.2988505747126435
Balancing,China,Llama 3.1 70B Instruct,R,0.0
Balancing,China,Llama 3.1 70B Instruct,Bandwagon,8.900677866195108
Balancing,China,Llama 3.1 70B Instruct,Balance,76.4957264957265
Balancing,China,Llama 3.1 70B Instruct,Buck Pass,12.304745063365754
Balancing,China,Claude 3.5 Sonnet,Power Maximization,1.1494252873563218
Balancing,China,Claude 3.5 Sonnet,R,0.02947244326554671
Balancing,China,Claude 3.5 Sonnet,Bandwagon,8.885941644562335
Balancing,China,Claude 3.5 Sonnet,Balance,77.11464780430298
Balancing,China,Claude 3.5 Sonnet,Buck Pass,12.82051282051282
Balancing,Russia,Gemini 1.5 Pro-002,Power Maximization,5.194805194805195
Balancing,Russia,Gemini 1.5 Pro-002,R,0.0
Balancing,Russia,Gemini 1.5 Pro-002,Bandwagon,19.1991341991342
Balancing,Russia,Gemini 1.5 Pro-002,Balance,63.58474858474858
Balancing,Russia,Gemini 1.5 Pro-002,Buck Pass,12.02131202131202
Balancing,Russia,Qwen2 72B,Power Maximization,6.4935064935064934
Balancing,Russia,Qwen2 72B,R,0.0
Balancing,Russia,Qwen2 72B,Bandwagon,7.922077922077922
Balancing,Russia,Qwen2 72B,Balance,78.72460872460873
Balancing,Russia,Qwen2 72B,Buck Pass,6.859806859806859
Balancing,Russia,Mixtral 8x22B,Power Maximization,0.0
Balancing,Russia,Mixtral 8x22B,R,0.0
Balancing,Russia,Mixtral 8x22B,Bandwagon,10.454545454545455
Balancing,Russia,Mixtral 8x22B,Balance,79.98834498834499
Balancing,Russia,Mixtral 8x22B,Buck Pass,9.557109557109557
Balancing,Russia,GPT-4o,Power Maximization,3.896103896103896
Balancing,Russia,GPT-4o,R,0.0
Balancing,Russia,GPT-4o,Bandwagon,10.346320346320345
Balancing,Russia,GPT-4o,Balance,74.01931401931402
Balancing,Russia,GPT-4o,Buck Pass,11.738261738261738
Balancing,Russia,Llama 3.1 8B Instruct,Power Maximization,6.4935064935064934
Balancing,Russia,Llama 3.1 8B Instruct,R,0.0
Balancing,Russia,Llama 3.1 8B Instruct,Bandwagon,10.064935064935066
Balancing,Russia,Llama 3.1 8B Instruct,Balance,74.08424908424908
Balancing,Russia,Llama 3.1 8B Instruct,Buck Pass,9.357309357309358
Balancing,Russia,Llama 3.1 70B Instruct,Power Maximization,2.5974025974025974
Balancing,Russia,Llama 3.1 70B Instruct,R,0.0
Balancing,Russia,Llama 3.1 70B Instruct,Bandwagon,8.7995337995338
Balancing,Russia,Llama 3.1 70B Instruct,Balance,77.78055278055278
Balancing,Russia,Llama 3.1 70B Instruct,Buck Pass,10.822510822510822
Balancing,Russia,Claude 3.5 Sonnet,Power Maximization,2.5974025974025974
Balancing,Russia,Claude 3.5 Sonnet,R,0.0666000666000666
Balancing,Russia,Claude 3.5 Sonnet,Bandwagon,9.383949383949384
Balancing,Russia,Claude 3.5 Sonnet,Balance,76.45521145521145
Balancing,Russia,Claude 3.5 Sonnet,Buck Pass,11.496836496836496
Balancing,United Kingdom,Gemini 1.5 Pro-002,Power Maximization,4.225352112676056
Balancing,United Kingdom,Gemini 1.5 Pro-002,R,0.0
Balancing,United Kingdom,Gemini 1.5 Pro-002,Bandwagon,13.761285662694112
Balancing,United Kingdom,Gemini 1.5 Pro-002,Balance,73.70711448176237
Balancing,United Kingdom,Gemini 1.5 Pro-002,Buck Pass,8.306247742867459
Balancing,United Kingdom,Qwen2 72B,Power Maximization,5.633802816901408
Balancing,United Kingdom,Qwen2 72B,R,0.0
Balancing,United Kingdom,Qwen2 72B,Bandwagon,10.516431924882628
Balancing,United Kingdom,Qwen2 72B,Balance,77.63813651137595
Balancing,United Kingdom,Qwen2 72B,Buck Pass,6.211628746840014
Balancing,United Kingdom,Mixtral 8x22B,Power Maximization,1.408450704225352
Balancing,United Kingdom,Mixtral 8x22B,R,0.0
Balancing,United Kingdom,Mixtral 8x22B,Bandwagon,9.859154929577464
Balancing,United Kingdom,Mixtral 8x22B,Balance,83.49584687612857
Balancing,United Kingdom,Mixtral 8x22B,Buck Pass,5.2365474900686175
Balancing,United Kingdom,GPT-4o,Power Maximization,5.633802816901408
Balancing,United Kingdom,GPT-4o,R,0.0
Balancing,United Kingdom,GPT-4o,Bandwagon,9.601841820151678
Balancing,United Kingdom,GPT-4o,Balance,76.16919465511015
Balancing,United Kingdom,GPT-4o,Buck Pass,8.595160707836763
Balancing,United Kingdom,Llama 3.1 8B Instruct,Power Maximization,5.633802816901408
Balancing,United Kingdom,Llama 3.1 8B Instruct,R,0.0
Balancing,United Kingdom,Llama 3.1 8B Instruct,Bandwagon,14.084507042253522
Balancing,United Kingdom,Llama 3.1 8B Instruct,Balance,73.3477789815818
Balancing,United Kingdom,Llama 3.1 8B Instruct,Buck Pass,6.933911159263272
Balancing,United Kingdom,Llama 3.1 70B Instruct,Power Maximization,2.816901408450704
Balancing,United Kingdom,Llama 3.1 70B Instruct,R,0.0
Balancing,United Kingdom,Llama 3.1 70B Instruct,Bandwagon,9.74629830263633
Balancing,United Kingdom,Llama 3.1 70B Instruct,Balance,77.9749006861683
Balancing,United Kingdom,Llama 3.1 70B Instruct,Buck Pass,9.461899602744674
Balancing,United Kingdom,Claude 3.5 Sonnet,Power Maximization,4.225352112676056
Balancing,United Kingdom,Claude 3.5 Sonnet,R,0.03611412062116287
Balancing,United Kingdom,Claude 3.5 Sonnet,Bandwagon,9.29938605994944
Balancing,United Kingdom,Claude 3.5 Sonnet,Balance,79.61357890935356
Balancing,United Kingdom,Claude 3.5 Sonnet,Buck Pass,6.825568797399783
Balancing,India,Gemini 1.5 Pro-002,Power Maximization,3.75
Balancing,India,Gemini 1.5 Pro-002,R,0.0
Balancing,India,Gemini 1.5 Pro-002,Bandwagon,9.84375
Balancing,India,Gemini 1.5 Pro-002,Balance,77.12740384615384
Balancing,India,Gemini 1.5 Pro-002,Buck Pass,9.278846153846153
Balancing,India,Qwen2 72B,Power Maximization,7.5
Balancing,India,Qwen2 72B,R,0.0
Balancing,India,Qwen2 72B,Bandwagon,4.010416666666666
Balancing,India,Qwen2 72B,Balance,81.14983974358975
Balancing,India,Qwen2 72B,Buck Pass,7.339743589743589
Balancing,India,Mixtral 8x22B,Power Maximization,2.5
Balancing,India,Mixtral 8x22B,R,0.0
Balancing,India,Mixtral 8x22B,Bandwagon,3.5416666666666665
Balancing,India,Mixtral 8x22B,Balance,86.15384615384615
Balancing,India,Mixtral 8x22B,Buck Pass,7.80448717948718
Balancing,India,GPT-4o,Power Maximization,5.0
Balancing,India,GPT-4o,R,0.0
Balancing,India,GPT-4o,Bandwagon,9.010416666666666
Balancing,India,GPT-4o,Balance,75.17227564102564
Balancing,India,GPT-4o,Buck Pass,10.817307692307692
Balancing,India,Llama 3.1 8B Instruct,Power Maximization,6.25
Balancing,India,Llama 3.1 8B Instruct,R,0.0
Balancing,India,Llama 3.1 8B Instruct,Bandwagon,7.1875
Balancing,India,Llama 3.1 8B Instruct,Balance,78.96634615384616
Balancing,India,Llama 3.1 8B Instruct,Buck Pass,7.596153846153845
Balancing,India,Llama 3.1 70B Instruct,Power Maximization,2.5
Balancing,India,Llama 3.1 70B Instruct,R,0.0
Balancing,India,Llama 3.1 70B Instruct,Bandwagon,6.862980769230769
Balancing,India,Llama 3.1 70B Instruct,Balance,82.98477564102564
Balancing,India,Llama 3.1 70B Instruct,Buck Pass,7.652243589743589
Balancing,India,Claude 3.5 Sonnet,Power Maximization,3.75
Balancing,India,Claude 3.5 Sonnet,R,0.03205128205128205
Balancing,India,Claude 3.5 Sonnet,Bandwagon,8.333333333333332
Balancing,India,Claude 3.5 Sonnet,Balance,78.3173076923077
Balancing,India,Claude 3.5 Sonnet,Buck Pass,9.567307692307692
Intervention - Two Choice,United States,Gemini 1.5 Pro-002,No Intervention,25.462962962962962
Intervention - Two Choice,United States,Gemini 1.5 Pro-002,R,0.0
Intervention - Two Choice,United States,Gemini 1.5 Pro-002,Intervention,74.53703703703704
Intervention - Two Choice,United States,Llama 3.1 70B Instruct,No Intervention,30.185185185185187
Intervention - Two Choice,United States,Llama 3.1 70B Instruct,R,0.0
Intervention - Two Choice,United States,Llama 3.1 70B Instruct,Intervention,69.81481481481481
Intervention - Two Choice,United States,Qwen2 72B,No Intervention,23.14814814814815
Intervention - Two Choice,United States,Qwen2 72B,R,0.0
Intervention - Two Choice,United States,Qwen2 72B,Intervention,76.85185185185185
Intervention - Two Choice,United States,GPT-4o,No Intervention,36.71296296296296
Intervention - Two Choice,United States,GPT-4o,R,0.0
Intervention - Two Choice,United States,GPT-4o,Intervention,63.28703703703704
Intervention - Two Choice,United States,Llama 3.1 8B Instruct,No Intervention,29.444444444444443
Intervention - Two Choice,United States,Llama 3.1 8B Instruct,R,0.0
Intervention - Two Choice,United States,Llama 3.1 8B Instruct,Intervention,70.55555555555556
Intervention - Two Choice,United States,Mixtral 8x22B,No Intervention,33.28703703703704
Intervention - Two Choice,United States,Mixtral 8x22B,R,0.0
Intervention - Two Choice,United States,Mixtral 8x22B,Intervention,66.71296296296296
Intervention - Two Choice,United States,Claude 3.5 Sonnet,No Intervention,32.175925925925924
Intervention - Two Choice,United States,Claude 3.5 Sonnet,R,2.7777777777777777
Intervention - Two Choice,United States,Claude 3.5 Sonnet,Intervention,65.04629629629629
Intervention - Two Choice,China,Gemini 1.5 Pro-002,No Intervention,29.069767441860463
Intervention - Two Choice,China,Gemini 1.5 Pro-002,R,0.0
Intervention - Two Choice,China,Gemini 1.5 Pro-002,Intervention,70.93023255813954
Intervention - Two Choice,China,Llama 3.1 70B Instruct,No Intervention,28.488372093023255
Intervention - Two Choice,China,Llama 3.1 70B Instruct,R,0.0
Intervention - Two Choice,China,Llama 3.1 70B Instruct,Intervention,71.51162790697674
Intervention - Two Choice,China,Qwen2 72B,No Intervention,23.25581395348837
Intervention - Two Choice,China,Qwen2 72B,R,0.0
Intervention - Two Choice,China,Qwen2 72B,Intervention,76.74418604651163
Intervention - Two Choice,China,GPT-4o,No Intervention,37.2093023255814
Intervention - Two Choice,China,GPT-4o,R,0.38759689922480617
Intervention - Two Choice,China,GPT-4o,Intervention,62.4031007751938
Intervention - Two Choice,China,Llama 3.1 8B Instruct,No Intervention,34.49612403100775
Intervention - Two Choice,China,Llama 3.1 8B Instruct,R,0.0
Intervention - Two Choice,China,Llama 3.1 8B Instruct,Intervention,65.50387596899225
Intervention - Two Choice,China,Mixtral 8x22B,No Intervention,34.30232558139535
Intervention - Two Choice,China,Mixtral 8x22B,R,0.0
Intervention - Two Choice,China,Mixtral 8x22B,Intervention,65.69767441860465
Intervention - Two Choice,China,Claude 3.5 Sonnet,No Intervention,44.47674418604651
Intervention - Two Choice,China,Claude 3.5 Sonnet,R,0.7751937984496123
Intervention - Two Choice,China,Claude 3.5 Sonnet,Intervention,54.74806201550387
Intervention - Two Choice,Russia,Gemini 1.5 Pro-002,No Intervention,37.08567854909318
Intervention - Two Choice,Russia,Gemini 1.5 Pro-002,R,0.0
Intervention - Two Choice,Russia,Gemini 1.5 Pro-002,Intervention,62.91432145090682
Intervention - Two Choice,Russia,Llama 3.1 70B Instruct,No Intervention,31.24274099883856
Intervention - Two Choice,Russia,Llama 3.1 70B Instruct,R,0.0
Intervention - Two Choice,Russia,Llama 3.1 70B Instruct,Intervention,68.75725900116144
Intervention - Two Choice,Russia,Qwen2 72B,No Intervention,21.951219512195124
Intervention - Two Choice,Russia,Qwen2 72B,R,0.0
Intervention - Two Choice,Russia,Qwen2 72B,Intervention,78.04878048780488
Intervention - Two Choice,Russia,GPT-4o,No Intervention,48.43652282676672
Intervention - Two Choice,Russia,GPT-4o,R,0.0
Intervention - Two Choice,Russia,GPT-4o,Intervention,51.56347717323327
Intervention - Two Choice,Russia,Llama 3.1 8B Instruct,No Intervention,43.08943089430894
Intervention - Two Choice,Russia,Llama 3.1 8B Instruct,R,0.0
Intervention - Two Choice,Russia,Llama 3.1 8B Instruct,Intervention,56.91056910569105
Intervention - Two Choice,Russia,Mixtral 8x22B,No Intervention,37.51451800232288
Intervention - Two Choice,Russia,Mixtral 8x22B,R,0.0
Intervention - Two Choice,Russia,Mixtral 8x22B,Intervention,62.48548199767712
Intervention - Two Choice,Russia,Claude 3.5 Sonnet,No Intervention,47.0383275261324
Intervention - Two Choice,Russia,Claude 3.5 Sonnet,R,0.0
Intervention - Two Choice,Russia,Claude 3.5 Sonnet,Intervention,52.9616724738676
Intervention - Two Choice,United Kingdom,Gemini 1.5 Pro-002,No Intervention,22.916666666666668
Intervention - Two Choice,United Kingdom,Gemini 1.5 Pro-002,R,0.0
Intervention - Two Choice,United Kingdom,Gemini 1.5 Pro-002,Intervention,77.08333333333333
Intervention - Two Choice,United Kingdom,Llama 3.1 70B Instruct,No Intervention,25.260416666666668
Intervention - Two Choice,United Kingdom,Llama 3.1 70B Instruct,R,0.0
Intervention - Two Choice,United Kingdom,Llama 3.1 70B Instruct,Intervention,74.73958333333333
Intervention - Two Choice,United Kingdom,Qwen2 72B,No Intervention,22.916666666666668
Intervention - Two Choice,United Kingdom,Qwen2 72B,R,0.0
Intervention - Two Choice,United Kingdom,Qwen2 72B,Intervention,77.08333333333333
Intervention - Two Choice,United Kingdom,GPT-4o,No Intervention,31.510416666666668
Intervention - Two Choice,United Kingdom,GPT-4o,R,2.0833333333333335
Intervention - Two Choice,United Kingdom,GPT-4o,Intervention,66.40625
Intervention - Two Choice,United Kingdom,Llama 3.1 8B Instruct,No Intervention,21.354166666666668
Intervention - Two Choice,United Kingdom,Llama 3.1 8B Instruct,R,0.0
Intervention - Two Choice,United Kingdom,Llama 3.1 8B Instruct,Intervention,78.64583333333333
Intervention - Two Choice,United Kingdom,Mixtral 8x22B,No Intervention,29.6875
Intervention - Two Choice,United Kingdom,Mixtral 8x22B,R,0.0
Intervention - Two Choice,United Kingdom,Mixtral 8x22B,Intervention,70.3125
Intervention - Two Choice,United Kingdom,Claude 3.5 Sonnet,No Intervention,29.947916666666668
Intervention - Two Choice,United Kingdom,Claude 3.5 Sonnet,R,2.34375
Intervention - Two Choice,United Kingdom,Claude 3.5 Sonnet,Intervention,67.70833333333333
Intervention - Two Choice,India,Gemini 1.5 Pro-002,No Intervention,33.3943833943834
Intervention - Two Choice,India,Gemini 1.5 Pro-002,R,0.0
Intervention - Two Choice,India,Gemini 1.5 Pro-002,Intervention,66.6056166056166
Intervention - Two Choice,India,Llama 3.1 70B Instruct,No Intervention,24.702380952380953
Intervention - Two Choice,India,Llama 3.1 70B Instruct,R,0.0
Intervention - Two Choice,India,Llama 3.1 70B Instruct,Intervention,75.29761904761905
Intervention - Two Choice,India,Qwen2 72B,No Intervention,19.047619047619047
Intervention - Two Choice,India,Qwen2 72B,R,0.0
Intervention - Two Choice,India,Qwen2 72B,Intervention,80.95238095238095
Intervention - Two Choice,India,GPT-4o,No Intervention,33.333333333333336
Intervention - Two Choice,India,GPT-4o,R,0.0
Intervention - Two Choice,India,GPT-4o,Intervention,66.66666666666667
Intervention - Two Choice,India,Llama 3.1 8B Instruct,No Intervention,26.19047619047619
Intervention - Two Choice,India,Llama 3.1 8B Instruct,R,0.0
Intervention - Two Choice,India,Llama 3.1 8B Instruct,Intervention,73.80952380952381
Intervention - Two Choice,India,Mixtral 8x22B,No Intervention,26.388888888888886
Intervention - Two Choice,India,Mixtral 8x22B,R,0.0
Intervention - Two Choice,India,Mixtral 8x22B,Intervention,73.61111111111111
Intervention - Two Choice,India,Claude 3.5 Sonnet,No Intervention,34.226190476190474
Intervention - Two Choice,India,Claude 3.5 Sonnet,R,2.380952380952381
Intervention - Two Choice,India,Claude 3.5 Sonnet,Intervention,63.392857142857146
Intervention - Three Choice,United States,Llama 3.1 8B Instruct,No Intervention,26.62779397473275
Intervention - Three Choice,United States,Llama 3.1 8B Instruct,High Intervention,52.96404275996113
Intervention - Three Choice,United States,Llama 3.1 8B Instruct,Middle Intervention,20.408163265306122
Intervention - Three Choice,United States,GPT-4o,No Intervention,27.016520894071917
Intervention - Three Choice,United States,GPT-4o,High Intervention,43.380429094714806
Intervention - Three Choice,United States,GPT-4o,Middle Intervention,29.603050011213277
Intervention - Three Choice,United States,Claude 3.5 Sonnet,No Intervention,22.635867533826715
Intervention - Three Choice,United States,Claude 3.5 Sonnet,High Intervention,43.27623906705539
Intervention - Three Choice,United States,Claude 3.5 Sonnet,Middle Intervention,34.08789339911789
Intervention - Three Choice,United States,Mixtral 8x22B,No Intervention,18.367346938775512
Intervention - Three Choice,United States,Mixtral 8x22B,High Intervention,43.770557673618896
Intervention - Three Choice,United States,Mixtral 8x22B,Middle Intervention,37.86209538760559
Intervention - Three Choice,United States,Qwen2 72B,No Intervention,12.297226582940867
Intervention - Three Choice,United States,Qwen2 72B,High Intervention,54.17507662405621
Intervention - Three Choice,United States,Qwen2 72B,Middle Intervention,33.52769679300292
Intervention - Three Choice,United States,Llama 3.1 70B Instruct,No Intervention,16.3265306122449
Intervention - Three Choice,United States,Llama 3.1 70B Instruct,High Intervention,51.02040816326531
Intervention - Three Choice,United States,Llama 3.1 70B Instruct,Middle Intervention,32.6530612244898
Intervention - Three Choice,United States,Gemini 1.5 Pro-002,No Intervention,10.349854227405247
Intervention - Three Choice,United States,Gemini 1.5 Pro-002,High Intervention,44.89795918367347
Intervention - Three Choice,United States,Gemini 1.5 Pro-002,Middle Intervention,44.75218658892129
Intervention - Three Choice,China,Llama 3.1 8B Instruct,No Intervention,23.68421052631579
Intervention - Three Choice,China,Llama 3.1 8B Instruct,High Intervention,57.89473684210526
Intervention - Three Choice,China,Llama 3.1 8B Instruct,Middle Intervention,18.42105263157895
Intervention - Three Choice,China,GPT-4o,No Intervention,31.57894736842105
Intervention - Three Choice,China,GPT-4o,High Intervention,39.097744360902254
Intervention - Three Choice,China,GPT-4o,Middle Intervention,29.32330827067669
Intervention - Three Choice,China,Claude 3.5 Sonnet,No Intervention,28.94736842105263
Intervention - Three Choice,China,Claude 3.5 Sonnet,High Intervention,44.73684210526316
Intervention - Three Choice,China,Claude 3.5 Sonnet,Middle Intervention,26.31578947368421
Intervention - Three Choice,China,Mixtral 8x22B,No Intervention,24.898785425101217
Intervention - Three Choice,China,Mixtral 8x22B,High Intervention,43.45479082321187
Intervention - Three Choice,China,Mixtral 8x22B,Middle Intervention,31.64642375168691
Intervention - Three Choice,China,Qwen2 72B,No Intervention,13.157894736842104
Intervention - Three Choice,China,Qwen2 72B,High Intervention,52.63157894736842
Intervention - Three Choice,China,Qwen2 72B,Middle Intervention,34.21052631578947
Intervention - Three Choice,China,Llama 3.1 70B Instruct,No Intervention,23.68421052631579
Intervention - Three Choice,China,Llama 3.1 70B Instruct,High Intervention,52.63157894736842
Intervention - Three Choice,China,Llama 3.1 70B Instruct,Middle Intervention,23.68421052631579
Intervention - Three Choice,China,Gemini 1.5 Pro-002,No Intervention,15.654520917678814
Intervention - Three Choice,China,Gemini 1.5 Pro-002,High Intervention,38.10487757856179
Intervention - Three Choice,China,Gemini 1.5 Pro-002,Middle Intervention,46.2406015037594
Intervention - Three Choice,Russia,Llama 3.1 8B Instruct,No Intervention,34.61538461538461
Intervention - Three Choice,Russia,Llama 3.1 8B Instruct,High Intervention,48.717948717948715
Intervention - Three Choice,Russia,Llama 3.1 8B Instruct,Middle Intervention,16.666666666666668
Intervention - Three Choice,Russia,GPT-4o,No Intervention,39.499389499389494
Intervention - Three Choice,Russia,GPT-4o,High Intervention,34.43223443223443
Intervention - Three Choice,Russia,GPT-4o,Middle Intervention,26.068376068376068
Intervention - Three Choice,Russia,Claude 3.5 Sonnet,No Intervention,33.333333333333336
Intervention - Three Choice,Russia,Claude 3.5 Sonnet,High Intervention,35.8974358974359
Intervention - Three Choice,Russia,Claude 3.5 Sonnet,Middle Intervention,30.76923076923077
Intervention - Three Choice,Russia,Mixtral 8x22B,No Intervention,28.496290034751574
Intervention - Three Choice,Russia,Mixtral 8x22B,High Intervention,35.9350051657744
Intervention - Three Choice,Russia,Mixtral 8x22B,Middle Intervention,35.568704799474034
Intervention - Three Choice,Russia,Qwen2 72B,No Intervention,17.094017094017094
Intervention - Three Choice,Russia,Qwen2 72B,High Intervention,49.20634920634921
Intervention - Three Choice,Russia,Qwen2 72B,Middle Intervention,33.6996336996337
Intervention - Three Choice,Russia,Llama 3.1 70B Instruct,No Intervention,25.641025641025642
Intervention - Three Choice,Russia,Llama 3.1 70B Instruct,High Intervention,51.282051282051285
Intervention - Three Choice,Russia,Llama 3.1 70B Instruct,Middle Intervention,23.076923076923077
Intervention - Three Choice,Russia,Gemini 1.5 Pro-002,No Intervention,16.173570019723865
Intervention - Three Choice,Russia,Gemini 1.5 Pro-002,High Intervention,34.86428101812717
Intervention - Three Choice,Russia,Gemini 1.5 Pro-002,Middle Intervention,48.962148962148966
Intervention - Three Choice,United Kingdom,Llama 3.1 8B Instruct,No Intervention,25.0
Intervention - Three Choice,United Kingdom,Llama 3.1 8B Instruct,High Intervention,56.81818181818182
Intervention - Three Choice,United Kingdom,Llama 3.1 8B Instruct,Middle Intervention,18.181818181818183
Intervention - Three Choice,United Kingdom,GPT-4o,No Intervention,29.254079254079258
Intervention - Three Choice,United Kingdom,GPT-4o,High Intervention,43.09024309024309
Intervention - Three Choice,United Kingdom,GPT-4o,Middle Intervention,27.655677655677653
Intervention - Three Choice,United Kingdom,Claude 3.5 Sonnet,No Intervention,20.454545454545453
Intervention - Three Choice,United Kingdom,Claude 3.5 Sonnet,High Intervention,47.72727272727273
Intervention - Three Choice,United Kingdom,Claude 3.5 Sonnet,Middle Intervention,31.818181818181817
Intervention - Three Choice,United Kingdom,Mixtral 8x22B,No Intervention,20.454545454545453
Intervention - Three Choice,United Kingdom,Mixtral 8x22B,High Intervention,42.124542124542124
Intervention - Three Choice,United Kingdom,Mixtral 8x22B,Middle Intervention,37.42091242091242
Intervention - Three Choice,United Kingdom,Qwen2 72B,No Intervention,11.655011655011656
Intervention - Three Choice,United Kingdom,Qwen2 72B,High Intervention,54.25407925407926
Intervention - Three Choice,United Kingdom,Qwen2 72B,Middle Intervention,34.09090909090909
Intervention - Three Choice,United Kingdom,Llama 3.1 70B Instruct,No Intervention,15.909090909090908
Intervention - Three Choice,United Kingdom,Llama 3.1 70B Instruct,High Intervention,52.27272727272727
Intervention - Three Choice,United Kingdom,Llama 3.1 70B Instruct,Middle Intervention,31.818181818181817
Intervention - Three Choice,United Kingdom,Gemini 1.5 Pro-002,No Intervention,2.272727272727273
Intervention - Three Choice,United Kingdom,Gemini 1.5 Pro-002,High Intervention,49.350649350649356
Intervention - Three Choice,United Kingdom,Gemini 1.5 Pro-002,Middle Intervention,48.37662337662337
Intervention - Three Choice,India,Llama 3.1 8B Instruct,No Intervention,18.91891891891892
Intervention - Three Choice,India,Llama 3.1 8B Instruct,High Intervention,54.054054054054056
Intervention - Three Choice,India,Llama 3.1 8B Instruct,Middle Intervention,27.027027027027028
Intervention - Three Choice,India,GPT-4o,No Intervention,25.482625482625483
Intervention - Three Choice,India,GPT-4o,High Intervention,38.61003861003861
Intervention - Three Choice,India,GPT-4o,Middle Intervention,35.90733590733591
Intervention - Three Choice,India,Claude 3.5 Sonnet,No Intervention,21.55232155232155
Intervention - Three Choice,India,Claude 3.5 Sonnet,High Intervention,37.38738738738739
Intervention - Three Choice,India,Claude 3.5 Sonnet,Middle Intervention,41.060291060291064
Intervention - Three Choice,India,Mixtral 8x22B,No Intervention,18.74071874071874
Intervention - Three Choice,India,Mixtral 8x22B,High Intervention,44.73814473814474
Intervention - Three Choice,India,Mixtral 8x22B,Middle Intervention,36.52113652113652
Intervention - Three Choice,India,Qwen2 72B,No Intervention,10.81081081081081
Intervention - Three Choice,India,Qwen2 72B,High Intervention,50.0
Intervention - Three Choice,India,Qwen2 72B,Middle Intervention,39.189189189189186
Intervention - Three Choice,India,Llama 3.1 70B Instruct,No Intervention,18.91891891891892
Intervention - Three Choice,India,Llama 3.1 70B Instruct,High Intervention,45.945945945945944
Intervention - Three Choice,India,Llama 3.1 70B Instruct,Middle Intervention,35.13513513513514
Intervention - Three Choice,India,Gemini 1.5 Pro-002,No Intervention,11.503811503811503
Intervention - Three Choice,India,Gemini 1.5 Pro-002,High Intervention,38.689238689238685
Intervention - Three Choice,India,Gemini 1.5 Pro-002,Middle Intervention,49.80694980694981
